<?xml version="1.0" encoding="utf-8" ?>
<dwsync>
<file name="d3_array.js" server="I:/INFO-H517 - Data Visualization/Project 2/" local="131830005210000000" remote="131830005210000000" Dst="2" />
<file name="d3_geo.js" server="I:/INFO-H517 - Data Visualization/Project 2/" local="131830006990000000" remote="131830006990000000" Dst="2" />
<file name="d3_queue.js" server="I:/INFO-H517 - Data Visualization/Project 2/" local="131830005930000000" remote="131830005930000000" Dst="1" />
<file name="d3_zoom.js" server="I:/INFO-H517 - Data Visualization/Project 2/" local="131830007610000000" remote="131830007610000000" Dst="2" />
<file name="jQuery_v1_10_2.js" server="I:/INFO-H517 - Data Visualization/Project 2/" local="131830556720000000" remote="131830556720000000" Dst="2" />
<file name="jquery_v1_10_2.js" server="I:/INFO-H517 - Data Visualization/Project 2/" local="131830556720000000" remote="131830556720000000" Dst="2" />
<file name="wow.min.js" server="I:/INFO-H517 - Data Visualization/Project 2/" local="131830555990000000" remote="131830555990000000" Dst="2" />
<file name="JQuery_v1_10_2.js" server="I:/INFO-H517 - Data Visualization/Project 2/" local="131830556720000000" remote="131830556720000000" Dst="2" />
<file name="jquery-1.10.2.js" server="I:/INFO-H517 - Data Visualization/Project 2/" local="131847141890000000" remote="131847141890000000" Dst="1" />
<file name="jQuery-csv.js" server="I:/INFO-H517 - Data Visualization/Project 2/" local="131854724850000000" remote="131854724850000000" Dst="1" />
<file name="d3.slider.js" server="I:/INFO-H517 - Data Visualization/Project 2/" local="131879131610000000" remote="131879131610000000" Dst="1" />
<file name="d3.rebind.js" server="I:/INFO-H517 - Data Visualization/Project 2/" local="131866875330000000" remote="131866875330000000" Dst="1" />
<file name="d3.slider2.js" server="I:/INFO-H517 - Data Visualization/Project 2/" local="131872145000000000" remote="131872145000000000" Dst="1" />
<file name="d3.slider3.js" server="I:/INFO-H517 - Data Visualization/Project 2/" local="131872144970000000" remote="131872144970000000" Dst="1" />
<file name="papaparse.min.js" server="I:/INFO-H517 - Data Visualization/Project 2/" local="131868456590000000" remote="131868456590000000" Dst="1" />
</dwsync>